<?xml version="1.0" encoding="UTF-8"?>
<wls:weblogic-web-app xmlns:wls="http://xmlns.oracle.com/weblogic/weblogic-web-app" xmlns:xsi="http://www.w3.org/2001/XMLSchema-instance" xsi:schemaLocation="http://java.sun.com/xml/ns/javaee http://java.sun.com/xml/ns/javaee/ejb-jar_3_0.xsd http://xmlns.oracle.com/weblogic/weblogic-web-app http://xmlns.oracle.com/weblogic/weblogic-web-app/1.2/weblogic-web-app.xsd">
   <jsp-descriptor>
        <keepgenerated>true</keepgenerated>
		<working-dir>/opt/oracle/apps/avatar/tmp</working-dir>
        <backward-compatible>true</backward-compatible>
		<debug>true</debug>
    </jsp-descriptor>
    <context-root>avatar</context-root>    
    <wls:resource-description>
    	<wls:res-ref-name>jdbc/cmdb</wls:res-ref-name>
    	<wls:jndi-name>jdbc/cmdb</wls:jndi-name>
    </wls:resource-description>
    <wls:library-ref>
        <wls:library-name>jstl</wls:library-name>
        <wls:specification-version>1.2</wls:specification-version>
        <wls:exact-match>false</wls:exact-match>
    </wls:library-ref>
    <wls:security-role-assignment>
         <role-name>monitors</role-name>
         <principal-name>Monitors</principal-name>
         <principal-name>Administrators</principal-name>
         <principal-name>AppTesters</principal-name>
    </wls:security-role-assignment>
</wls:weblogic-web-app>